-- MySQL Script generated by MySQL Workbench
-- Wed Feb 22 14:55:05 2017
-- Model: New Model    Version: 1.0
-- MySQL Workbench Forward Engineering

SET @OLD_UNIQUE_CHECKS=@@UNIQUE_CHECKS, UNIQUE_CHECKS=0;
SET @OLD_FOREIGN_KEY_CHECKS=@@FOREIGN_KEY_CHECKS, FOREIGN_KEY_CHECKS=0;
SET @OLD_SQL_MODE=@@SQL_MODE, SQL_MODE='TRADITIONAL,ALLOW_INVALID_DATES';

-- -----------------------------------------------------
-- Schema cac13u
-- -----------------------------------------------------
DROP SCHEMA IF EXISTS `cac13u` ;

-- -----------------------------------------------------
-- Schema cac13u
-- -----------------------------------------------------
CREATE SCHEMA IF NOT EXISTS `cac13u` DEFAULT CHARACTER SET utf8 ;
SHOW WARNINGS;
USE `cac13u` ;

-- -----------------------------------------------------
-- Table `cac13u`.`petstore`
-- -----------------------------------------------------
DROP TABLE IF EXISTS `cac13u`.`petstore` ;

SHOW WARNINGS;
CREATE TABLE IF NOT EXISTS `cac13u`.`petstore` (
  `pst_id` INT UNSIGNED NOT NULL,
  `pst_name` VARCHAR(45) NOT NULL,
  `pst_street` VARCHAR(45) NOT NULL,
  `pst_city` VARCHAR(45) NOT NULL,
  `pst_state` CHAR(2) NOT NULL,
  `pst_zip` INT NOT NULL,
  `pst_phone` BIGINT NOT NULL,
  `pst_url` VARCHAR(45) NOT NULL,
  `pst_email` VARCHAR(45) NOT NULL,
  `pst_ytd_sales` DECIMAL(9,2) NOT NULL,
  `pst_notes` VARCHAR(255) NULL,
  PRIMARY KEY (`pst_id`))
ENGINE = InnoDB;

SHOW WARNINGS;

-- -----------------------------------------------------
-- Table `cac13u`.`customer`
-- -----------------------------------------------------
DROP TABLE IF EXISTS `cac13u`.`customer` ;

SHOW WARNINGS;
CREATE TABLE IF NOT EXISTS `cac13u`.`customer` (
  `cus_id` INT UNSIGNED NOT NULL,
  `cus_lname` VARCHAR(20) NOT NULL,
  `cus_fname` VARCHAR(20) NOT NULL,
  `cus_phone` BIGINT NOT NULL,
  `cus_street` VARCHAR(30) NOT NULL,
  `cus_city` VARCHAR(20) NOT NULL,
  `cus_state` VARCHAR(2) NOT NULL,
  `cus_zip` INT NOT NULL,
  `cus_email` VARCHAR(45) NOT NULL,
  `cus_url` VARCHAR(45) NOT NULL,
  `cus_note` VARCHAR(100) NOT NULL,
  PRIMARY KEY (`cus_id`))
ENGINE = InnoDB;

SHOW WARNINGS;

-- -----------------------------------------------------
-- Table `cac13u`.`pet`
-- -----------------------------------------------------
DROP TABLE IF EXISTS `cac13u`.`pet` ;

SHOW WARNINGS;
CREATE TABLE IF NOT EXISTS `cac13u`.`pet` (
  `pet_id` INT UNSIGNED NOT NULL,
  `str_id` INT UNSIGNED NOT NULL,
  `cus_id` INT UNSIGNED NULL,
  `pte_type` VARCHAR(45) NOT NULL,
  `pet_sex` ENUM('M', 'F') NOT NULL,
  `pet_cost` DECIMAL(9,2) NOT NULL,
  `pet_price` DECIMAL(9,2) NOT NULL,
  `pet_age` INT NOT NULL,
  `pet_color` VARCHAR(45) NOT NULL,
  `pet_sales_date` DATE NOT NULL,
  `pet_vaccine` ENUM('Y', 'N') NOT NULL,
  `pet_neuter` ENUM('Y', 'N') NOT NULL,
  `pet_note` VARCHAR(100) NOT NULL,
  PRIMARY KEY (`pet_id`),
  INDEX `fk_pet_store_idx` (`str_id` ASC),
  INDEX `fk_pet_customer1_idx` (`cus_id` ASC),
  CONSTRAINT `fk_pet_store`
    FOREIGN KEY (`str_id`)
    REFERENCES `cac13u`.`petstore` (`pst_id`)
    ON DELETE NO ACTION
    ON UPDATE NO ACTION,
  CONSTRAINT `fk_pet_customer1`
    FOREIGN KEY (`cus_id`)
    REFERENCES `cac13u`.`customer` (`cus_id`)
    ON DELETE NO ACTION
    ON UPDATE NO ACTION)
ENGINE = InnoDB;

SHOW WARNINGS;

SET SQL_MODE=@OLD_SQL_MODE;
SET FOREIGN_KEY_CHECKS=@OLD_FOREIGN_KEY_CHECKS;
SET UNIQUE_CHECKS=@OLD_UNIQUE_CHECKS;

-- -----------------------------------------------------
-- Data for table `cac13u`.`petstore`
-- -----------------------------------------------------
START TRANSACTION;
USE `cac13u`;
INSERT INTO `cac13u`.`petstore` (`pst_id`, `pst_name`, `pst_street`, `pst_city`, `pst_state`, `pst_zip`, `pst_phone`, `pst_url`, `pst_email`, `pst_ytd_sales`, `pst_notes`) VALUES (1, 'petco', 'Belle Vue way', 'Marietta', 'GA', 30068, 7709717772, 'petco.com', 'petco@gmail.com', 500.99, NULL);
INSERT INTO `cac13u`.`petstore` (`pst_id`, `pst_name`, `pst_street`, `pst_city`, `pst_state`, `pst_zip`, `pst_phone`, `pst_url`, `pst_email`, `pst_ytd_sales`, `pst_notes`) VALUES (2, 'petsmart', '4150 Summit Dr.', 'Tallahassee', 'FL', 32304, 6789564771, 'petsmart.com', 'petsmart@gmail.com', 550.99, NULL);
INSERT INTO `cac13u`.`petstore` (`pst_id`, `pst_name`, `pst_street`, `pst_city`, `pst_state`, `pst_zip`, `pst_phone`, `pst_url`, `pst_email`, `pst_ytd_sales`, `pst_notes`) VALUES (3, 'superpet', 'Ocala lane', 'Tampa', 'FL', 30322, 2398882012, 'superpet.com', 'superpet@gmail.com', 600.00, NULL);
INSERT INTO `cac13u`.`petstore` (`pst_id`, `pst_name`, `pst_street`, `pst_city`, `pst_state`, `pst_zip`, `pst_phone`, `pst_url`, `pst_email`, `pst_ytd_sales`, `pst_notes`) VALUES (4, 'coolpets', 'West Call St.', 'New York', 'NY', 30342, 4042327145, 'coolpets.com', 'coolpets@gmail.com', 650.00, NULL);
INSERT INTO `cac13u`.`petstore` (`pst_id`, `pst_name`, `pst_street`, `pst_city`, `pst_state`, `pst_zip`, `pst_phone`, `pst_url`, `pst_email`, `pst_ytd_sales`, `pst_notes`) VALUES (5, 'petsrus', 'Uptown Road', 'Orlando', 'FL', 30133, 6783213344, 'petsrus.com', 'petsrus@gmail.com', 700.00, NULL);
INSERT INTO `cac13u`.`petstore` (`pst_id`, `pst_name`, `pst_street`, `pst_city`, `pst_state`, `pst_zip`, `pst_phone`, `pst_url`, `pst_email`, `pst_ytd_sales`, `pst_notes`) VALUES (6, 'petcom', '1536 West St.', 'Atlanta', 'GA', 30068, 6784270433, 'petcom.com', 'petcom@gmail.con', 650.00, NULL);
INSERT INTO `cac13u`.`petstore` (`pst_id`, `pst_name`, `pst_street`, `pst_city`, `pst_state`, `pst_zip`, `pst_phone`, `pst_url`, `pst_email`, `pst_ytd_sales`, `pst_notes`) VALUES (7, 'dogworld', 'Ocala St.', 'Tampa', 'FL', 32304, 4044946098, 'dogwold.com', 'dogworld@gmail.com', 700.00, NULL);
INSERT INTO `cac13u`.`petstore` (`pst_id`, `pst_name`, `pst_street`, `pst_city`, `pst_state`, `pst_zip`, `pst_phone`, `pst_url`, `pst_email`, `pst_ytd_sales`, `pst_notes`) VALUES (8, 'catlover', '354 Robert Lane', 'New York', 'NY', 32305, 6789075532, 'catlover.com', 'catlover@gmail.com', 650.00, NULL);
INSERT INTO `cac13u`.`petstore` (`pst_id`, `pst_name`, `pst_street`, `pst_city`, `pst_state`, `pst_zip`, `pst_phone`, `pst_url`, `pst_email`, `pst_ytd_sales`, `pst_notes`) VALUES (9, 'junglefam', '1200 Westside St.', 'Atlanta', 'GA', 30069, 4046457123, 'junglefam.com', 'junglefam@gmail.com', 700.00, NULL);
INSERT INTO `cac13u`.`petstore` (`pst_id`, `pst_name`, `pst_street`, `pst_city`, `pst_state`, `pst_zip`, `pst_phone`, `pst_url`, `pst_email`, `pst_ytd_sales`, `pst_notes`) VALUES (10, 'smartpets', '815 West Madison St. ', 'Tallahassee', 'FL', 32304, 7709717733, 'smartpets.com', 'smartpets@gmail.com', 750.00, NULL);

COMMIT;


-- -----------------------------------------------------
-- Data for table `cac13u`.`customer`
-- -----------------------------------------------------
START TRANSACTION;
USE `cac13u`;
INSERT INTO `cac13u`.`customer` (`cus_id`, `cus_lname`, `cus_fname`, `cus_phone`, `cus_street`, `cus_city`, `cus_state`, `cus_zip`, `cus_email`, `cus_url`, `cus_note`) VALUES (1, 'Curry', 'Chris', 6789564771, '4150 Emerson st.', 'Atlanta', 'GA', 30068, 'curry.chris11@gmail.com', 'chriscurry.com', 'loud mouth');
INSERT INTO `cac13u`.`customer` (`cus_id`, `cus_lname`, `cus_fname`, `cus_phone`, `cus_street`, `cus_city`, `cus_state`, `cus_zip`, `cus_email`, `cus_url`, `cus_note`) VALUES (2, 'Christian', 'Pelaez', 6788881111, '3670 Waldon lane', 'Tampa', 'FL', 30312, 'christianp@gmail.com', 'christianpelaez.com', 'smart boy');
INSERT INTO `cac13u`.`customer` (`cus_id`, `cus_lname`, `cus_fname`, `cus_phone`, `cus_street`, `cus_city`, `cus_state`, `cus_zip`, `cus_email`, `cus_url`, `cus_note`) VALUES (3, 'Eric', 'Plumb', 4044148199, '1890 Clubland Dr.', 'Marietta', 'GA', 30068, 'ericp@gmail.com', 'ericplumb.com', 'dumb kid');
INSERT INTO `cac13u`.`customer` (`cus_id`, `cus_lname`, `cus_fname`, `cus_phone`, `cus_street`, `cus_city`, `cus_state`, `cus_zip`, `cus_email`, `cus_url`, `cus_note`) VALUES (4, 'Dylan ', 'Delaney', 6781017722, '2200 Bitcoin st.', 'Tallahassee', 'FL', 32301, 'ddelaney@gmail.com', 'dylandelaney.com', 'stupid idiot ');
INSERT INTO `cac13u`.`customer` (`cus_id`, `cus_lname`, `cus_fname`, `cus_phone`, `cus_street`, `cus_city`, `cus_state`, `cus_zip`, `cus_email`, `cus_url`, `cus_note`) VALUES (5, 'Amanda', 'Litt', 2397798979, '1815 Belle Vue Way', 'Tallahassee', 'FL', 32301, 'alitt@gmail.com', 'amandalitt.com', 'nice girl');
INSERT INTO `cac13u`.`customer` (`cus_id`, `cus_lname`, `cus_fname`, `cus_phone`, `cus_street`, `cus_city`, `cus_state`, `cus_zip`, `cus_email`, `cus_url`, `cus_note`) VALUES (6, 'Smith', 'Sam', 6784270433, '100 Main St.', 'Tampa', 'FL', 32304, 'ssmith@gmail.com', 'ssmith.com', 'loud');
INSERT INTO `cac13u`.`customer` (`cus_id`, `cus_lname`, `cus_fname`, `cus_phone`, `cus_street`, `cus_city`, `cus_state`, `cus_zip`, `cus_email`, `cus_url`, `cus_note`) VALUES (7, 'Johnson', 'John', 7709732241, '153 Robert St.', 'Atlanta', 'GA', 30068, 'johnny@gmail.com', 'johnny.com', 'dumb');
INSERT INTO `cac13u`.`customer` (`cus_id`, `cus_lname`, `cus_fname`, `cus_phone`, `cus_street`, `cus_city`, `cus_state`, `cus_zip`, `cus_email`, `cus_url`, `cus_note`) VALUES (8, 'Smalls', 'Tom', 4049872533, '23 Westside St.', 'New York', 'NY', 30067, 'tommy@gmail.com', 'tommy.com', 'stupid');
INSERT INTO `cac13u`.`customer` (`cus_id`, `cus_lname`, `cus_fname`, `cus_phone`, `cus_street`, `cus_city`, `cus_state`, `cus_zip`, `cus_email`, `cus_url`, `cus_note`) VALUES (9, 'Smith', 'Eryc', 4044044444, '100 East Side St.', 'Los Angeles', 'CA', 33045, 'smitty@gmail.com', 'smitty.com', 'work');
INSERT INTO `cac13u`.`customer` (`cus_id`, `cus_lname`, `cus_fname`, `cus_phone`, `cus_street`, `cus_city`, `cus_state`, `cus_zip`, `cus_email`, `cus_url`, `cus_note`) VALUES (10, 'Delaney', 'Dylan', 6787707772, '666 Satan Way', 'Chicago', 'IL', 32304, 'devilchild@gmail.com', 'satan.com', 'play');

COMMIT;


-- -----------------------------------------------------
-- Data for table `cac13u`.`pet`
-- -----------------------------------------------------
START TRANSACTION;
USE `cac13u`;
INSERT INTO `cac13u`.`pet` (`pet_id`, `str_id`, `cus_id`, `pte_type`, `pet_sex`, `pet_cost`, `pet_price`, `pet_age`, `pet_color`, `pet_sales_date`, `pet_vaccine`, `pet_neuter`, `pet_note`) VALUES (1, 1, 1, 'cat', 'F', 100.00, 150.00, 2, 'white', '2015-09-10', 'Y', 'N', 'awesome');
INSERT INTO `cac13u`.`pet` (`pet_id`, `str_id`, `cus_id`, `pte_type`, `pet_sex`, `pet_cost`, `pet_price`, `pet_age`, `pet_color`, `pet_sales_date`, `pet_vaccine`, `pet_neuter`, `pet_note`) VALUES (2, 2, 2, 'dog', 'M', 200.00, 250.00, 1, 'brown', '2015-08-13', 'N', 'Y', 'cute');
INSERT INTO `cac13u`.`pet` (`pet_id`, `str_id`, `cus_id`, `pte_type`, `pet_sex`, `pet_cost`, `pet_price`, `pet_age`, `pet_color`, `pet_sales_date`, `pet_vaccine`, `pet_neuter`, `pet_note`) VALUES (3, 3, 3, 'bird ', 'F', 50.00, 75.00, 1, 'yellow', '2015-08-12', 'Y', 'N', 'smart');
INSERT INTO `cac13u`.`pet` (`pet_id`, `str_id`, `cus_id`, `pte_type`, `pet_sex`, `pet_cost`, `pet_price`, `pet_age`, `pet_color`, `pet_sales_date`, `pet_vaccine`, `pet_neuter`, `pet_note`) VALUES (4, 4, 4, 'fish', 'F', 2.00, 10.00, 1, 'orange', '2015-03-11', 'N', 'N', 'fishy');
INSERT INTO `cac13u`.`pet` (`pet_id`, `str_id`, `cus_id`, `pte_type`, `pet_sex`, `pet_cost`, `pet_price`, `pet_age`, `pet_color`, `pet_sales_date`, `pet_vaccine`, `pet_neuter`, `pet_note`) VALUES (5, 5, 5, 'lizard', 'M', 10.00, 20.00, 1, 'green', '2015-02-15', 'Y', 'Y', 'quick');
INSERT INTO `cac13u`.`pet` (`pet_id`, `str_id`, `cus_id`, `pte_type`, `pet_sex`, `pet_cost`, `pet_price`, `pet_age`, `pet_color`, `pet_sales_date`, `pet_vaccine`, `pet_neuter`, `pet_note`) VALUES (6, 6, 6, 'dog', 'M', 20.00, 10.00, 2, 'brown', '2016-05-16', 'Y', 'N', 'cool');
INSERT INTO `cac13u`.`pet` (`pet_id`, `str_id`, `cus_id`, `pte_type`, `pet_sex`, `pet_cost`, `pet_price`, `pet_age`, `pet_color`, `pet_sales_date`, `pet_vaccine`, `pet_neuter`, `pet_note`) VALUES (7, 7, 7, 'cat', 'F', 30.00, 20.00, 2, 'yellow', '2016-05-03', 'Y', 'Y', 'smart');
INSERT INTO `cac13u`.`pet` (`pet_id`, `str_id`, `cus_id`, `pte_type`, `pet_sex`, `pet_cost`, `pet_price`, `pet_age`, `pet_color`, `pet_sales_date`, `pet_vaccine`, `pet_neuter`, `pet_note`) VALUES (8, 8, 8, 'fish', 'F', 10.00, 15.00, 2, 'red', '2016-05-02', 'N', 'N', 'fishy');
INSERT INTO `cac13u`.`pet` (`pet_id`, `str_id`, `cus_id`, `pte_type`, `pet_sex`, `pet_cost`, `pet_price`, `pet_age`, `pet_color`, `pet_sales_date`, `pet_vaccine`, `pet_neuter`, `pet_note`) VALUES (9, 9, 9, 'dog', 'M', 50.00, 40.00, 3, 'brown', '2016-03-02', 'Y', 'Y', 'dog');
INSERT INTO `cac13u`.`pet` (`pet_id`, `str_id`, `cus_id`, `pte_type`, `pet_sex`, `pet_cost`, `pet_price`, `pet_age`, `pet_color`, `pet_sales_date`, `pet_vaccine`, `pet_neuter`, `pet_note`) VALUES (10, 10, 10, 'cat', 'M', 30.00, 20.00, 1, 'black', '2016-02-04', 'N', 'N', 'cat');

COMMIT;

